{
  "num_nodes": 185,
  "num_edges": 1516,
  "density": 0.08907168037602821,
  "avg_clustering": 0.3959248949402784,
  "degree_centrality": {
    "0": 0.010869565217391304,
    "1": 0.010869565217391304,
    "2": 0.0,
    "3": 0.005434782608695652,
    "4": 0.010869565217391304,
    "5": 0.010869565217391304,
    "6": 0.005434782608695652,
    "7": 0.010869565217391304,
    "8": 0.010869565217391304,
    "9": 0.016304347826086956,
    "10": 0.0,
    "11": 0.010869565217391304,
    "12": 0.016304347826086956,
    "13": 0.016304347826086956,
    "14": 0.016304347826086956,
    "15": 0.02717391304347826,
    "16": 0.0,
    "17": 0.021739130434782608,
    "18": 0.010869565217391304,
    "19": 0.021739130434782608,
    "20": 0.06521739130434782,
    "21": 0.05434782608695652,
    "22": 0.010869565217391304,
    "23": 0.005434782608695652,
    "24": 0.08152173913043478,
    "25": 0.03260869565217391,
    "26": 0.03804347826086957,
    "27": 0.059782608695652176,
    "28": 0.016304347826086956,
    "29": 0.005434782608695652,
    "30": 0.021739130434782608,
    "31": 0.05434782608695652,
    "32": 0.010869565217391304,
    "33": 0.02717391304347826,
    "34": 0.05434782608695652,
    "35": 0.07065217391304347,
    "36": 0.08695652173913043,
    "37": 0.021739130434782608,
    "38": 0.059782608695652176,
    "39": 0.11956521739130435,
    "40": 0.03260869565217391,
    "41": 0.11413043478260869,
    "42": 0.06521739130434782,
    "43": 0.043478260869565216,
    "44": 0.06521739130434782,
    "45": 0.14130434782608695,
    "46": 0.059782608695652176,
    "47": 0.03260869565217391,
    "48": 0.010869565217391304,
    "49": 0.005434782608695652,
    "50": 0.021739130434782608,
    "51": 0.08695652173913043,
    "52": 0.11413043478260869,
    "53": 0.016304347826086956,
    "54": 0.016304347826086956,
    "55": 0.03260869565217391,
    "56": 0.016304347826086956,
    "57": 0.07065217391304347,
    "58": 0.016304347826086956,
    "59": 0.059782608695652176,
    "60": 0.15760869565217392,
    "61": 0.016304347826086956,
    "62": 0.043478260869565216,
    "63": 0.03260869565217391,
    "64": 0.23369565217391303,
    "65": 0.16847826086956522,
    "66": 0.08152173913043478,
    "67": 0.05434782608695652,
    "68": 0.010869565217391304,
    "69": 0.043478260869565216,
    "70": 0.03804347826086957,
    "71": 0.09782608695652173,
    "72": 0.02717391304347826,
    "73": 0.010869565217391304,
    "74": 0.09782608695652173,
    "75": 0.24456521739130435,
    "76": 0.125,
    "77": 0.125,
    "78": 0.13043478260869565,
    "79": 0.16847826086956522,
    "80": 0.08695652173913043,
    "81": 0.2391304347826087,
    "82": 0.15760869565217392,
    "83": 0.1358695652173913,
    "84": 0.05434782608695652,
    "85": 0.11413043478260869,
    "86": 0.09782608695652173,
    "87": 0.28804347826086957,
    "88": 0.11413043478260869,
    "89": 0.21195652173913043,
    "90": 0.18478260869565216,
    "91": 0.14130434782608695,
    "92": 0.09239130434782608,
    "93": 0.16847826086956522,
    "94": 0.11413043478260869,
    "95": 0.21739130434782608,
    "96": 0.10326086956521739,
    "97": 0.24456521739130435,
    "98": 0.125,
    "99": 0.19565217391304346,
    "100": 0.07065217391304347,
    "101": 0.16847826086956522,
    "102": 0.21739130434782608,
    "103": 0.1902173913043478,
    "104": 0.005434782608695652,
    "105": 0.016304347826086956,
    "106": 0.043478260869565216,
    "107": 0.14130434782608695,
    "108": 0.24456521739130435,
    "109": 0.1793478260869565,
    "110": 0.15217391304347827,
    "111": 0.021739130434782608,
    "112": 0.03260869565217391,
    "113": 0.07065217391304347,
    "114": 0.05434782608695652,
    "115": 0.08695652173913043,
    "116": 0.02717391304347826,
    "117": 0.016304347826086956,
    "118": 0.010869565217391304,
    "119": 0.20652173913043478,
    "120": 0.18478260869565216,
    "121": 0.02717391304347826,
    "122": 0.021739130434782608,
    "123": 0.010869565217391304,
    "124": 0.048913043478260865,
    "125": 0.34239130434782605,
    "126": 0.05434782608695652,
    "127": 0.11956521739130435,
    "128": 0.05434782608695652,
    "129": 0.016304347826086956,
    "130": 0.010869565217391304,
    "131": 0.0,
    "132": 0.11956521739130435,
    "133": 0.043478260869565216,
    "134": 0.03260869565217391,
    "135": 0.34239130434782605,
    "136": 0.21739130434782608,
    "137": 0.010869565217391304,
    "138": 0.010869565217391304,
    "139": 0.059782608695652176,
    "140": 0.11413043478260869,
    "141": 0.03260869565217391,
    "142": 0.043478260869565216,
    "143": 0.03804347826086957,
    "144": 0.08695652173913043,
    "145": 0.06521739130434782,
    "146": 0.005434782608695652,
    "147": 0.07065217391304347,
    "148": 0.09782608695652173,
    "149": 0.10326086956521739,
    "150": 0.28804347826086957,
    "151": 0.02717391304347826,
    "152": 0.03260869565217391,
    "153": 0.1358695652173913,
    "154": 0.29891304347826086,
    "155": 0.13043478260869565,
    "156": 0.03260869565217391,
    "157": 0.16847826086956522,
    "158": 0.16304347826086957,
    "159": 0.048913043478260865,
    "160": 0.11413043478260869,
    "161": 0.2826086956521739,
    "162": 0.20108695652173914,
    "163": 0.048913043478260865,
    "164": 0.28804347826086957,
    "165": 0.048913043478260865,
    "166": 0.25,
    "167": 0.15760869565217392,
    "168": 0.09239130434782608,
    "169": 0.1793478260869565,
    "170": 0.11956521739130435,
    "171": 0.07608695652173914,
    "172": 0.2608695652173913,
    "173": 0.03804347826086957,
    "174": 0.18478260869565216,
    "175": 0.08152173913043478,
    "176": 0.059782608695652176,
    "177": 0.09782608695652173,
    "178": 0.048913043478260865,
    "179": 0.07608695652173914,
    "180": 0.1793478260869565,
    "181": 0.2554347826086956,
    "182": 0.15760869565217392,
    "183": 0.1358695652173913,
    "184": 0.22826086956521738
  },
  "betweenness": {
    "0": 0.0,
    "1": 0.0,
    "2": 0.0,
    "3": 0.0,
    "4": 0.0,
    "5": 0.0,
    "6": 0.0,
    "7": 0.0,
    "8": 5.9396531242575434e-05,
    "9": 0.030470420527441196,
    "10": 0.0,
    "11": 0.0,
    "12": 0.0010691375623663579,
    "13": 0.010216203373722975,
    "14": 0.0,
    "15": 0.0013067236873366595,
    "16": 0.0,
    "17": 0.005405084343074364,
    "18": 0.00023758612497030174,
    "19": 0.0003563791874554526,
    "20": 0.007721549061534806,
    "21": 0.007127583749109052,
    "22": 0.0,
    "23": 0.0,
    "24": 0.0033856022808268,
    "25": 0.0,
    "26": 5.9396531242575434e-05,
    "27": 0.0017224994060346876,
    "28": 0.0,
    "29": 0.0,
    "30": 0.0016037063435495368,
    "31": 0.0004751722499406035,
    "32": 0.0,
    "33": 0.0030886196246139226,
    "34": 0.001663102874792112,
    "35": 0.02524352577809456,
    "36": 0.00023758612497030174,
    "37": 0.01027559990496555,
    "38": 0.004929912093133761,
    "39": 0.020076027559990498,
    "40": 0.0005939653124257543,
    "41": 0.029638869090045143,
    "42": 0.030470420527441196,
    "43": 0.004454739843193158,
    "44": 0.00207887859349014,
    "45": 0.03035162746495605,
    "46": 0.0037419814682822525,
    "47": 0.00023758612497030174,
    "48": 0.003444998812069375,
    "49": 0.0,
    "50": 0.000950344499881207,
    "51": 0.0050487051556189115,
    "52": 0.008909479686386316,
    "53": 0.0026728439059158947,
    "54": 0.0,
    "55": 0.0003563791874554526,
    "56": 0.005226894749346638,
    "57": 0.012176288904727965,
    "58": 0.0004751722499406035,
    "59": 0.012948443810881444,
    "60": 0.026609645996673793,
    "61": 0.000831551437396056,
    "62": 0.018650510810168688,
    "63": 0.013067236873366595,
    "64": 0.010156806842480399,
    "65": 0.004751722499406035,
    "66": 0.02251128534093609,
    "67": 0.0005345687811831789,
    "68": 0.0,
    "69": 0.00023758612497030174,
    "70": 0.0,
    "71": 0.005642670468044666,
    "72": 5.9396531242575434e-05,
    "73": 0.0,
    "74": 0.010334996436208126,
    "75": 0.009800427655024946,
    "76": 0.000831551437396056,