{
  "nodes": 43,
  "edges": 134,
  "density": 0.14839424141749724,
  "avg_clustering": 0.4885121154794997,
  "degree_entropy": 4.940276919570921,
  "normalized_entropy": 0.9104378689392095,
  "avg_degree": 6.232558139534884,
  "assortativity": 0.12080221964157924
}